feature_name,feature_importance,sensor,agg,axis
tGravityAcc-max()-X,0.03512663103270333,tGravityAcc,max(),X
tGravityAcc-max()-Y,0.034217208420943265,tGravityAcc,max(),Y
tGravityAcc-mean()-X,0.03339483778278917,tGravityAcc,mean(),X
"angle(X,gravityMean)",0.03183427240191762,angle,X,gravityMean
tGravityAcc-mean()-Y,0.02829761728121895,tGravityAcc,mean(),Y
tGravityAcc-min()-Y,0.028182041745740884,tGravityAcc,min(),Y
tGravityAcc-energy()-X,0.027889911906153503,tGravityAcc,energy(),X
"angle(Y,gravityMean)",0.020287834462790255,angle,Y,gravityMean
tGravityAcc-min()-X,0.018079078297475345,tGravityAcc,min(),X
tBodyAccJerk-sma(),0.01221036176634061,tBodyAccJerk,sma(),
tGravityAcc-mean()-Z,0.011632278583106776,tGravityAcc,mean(),Z
tBodyAccMag-std(),0.01107013862579078,tBodyAccMag,std(),
tBodyAccJerkMag-mean(),0.010529706649133662,tBodyAccJerkMag,mean(),
tBodyAcc-max()-X,0.010447683943923812,tBodyAcc,max(),X
fBodyAccMag-energy(),0.009922038102515142,fBodyAccMag,energy(),
"fBodyAccJerk-bandsEnergy()-1,16",0.00954275222040366,fBodyAccJerk,bandsEnergy(),"1,16"
tGravityAcc-max()-Z,0.009481681182355704,tGravityAcc,max(),Z
"tGravityAcc-arCoeff()-Z,3",0.009012246060476061,tGravityAcc,arCoeff(),"Z,3"
fBodyAccJerk-std()-X,0.008846023152703851,fBodyAccJerk,std(),X
"fBodyAccJerk-bandsEnergy()-1,8",0.00856299573533908,fBodyAccJerk,bandsEnergy(),"1,8"
"fBodyAcc-bandsEnergy()-1,24",0.008550506911711657,fBodyAcc,bandsEnergy(),"1,24"
tBodyGyroJerk-iqr()-Z,0.008447171532117569,tBodyGyroJerk,iqr(),Z
"tGravityAcc-arCoeff()-Z,1",0.008326486562362977,tGravityAcc,arCoeff(),"Z,1"
"tGravityAcc-arCoeff()-Z,2",0.008268663025574621,tGravityAcc,arCoeff(),"Z,2"
tGravityAcc-energy()-Y,0.008147269521176632,tGravityAcc,energy(),Y
fBodyAcc-mad()-X,0.007803192694917865,fBodyAcc,mad(),X
tGravityAcc-energy()-Z,0.0077357365603261275,tGravityAcc,energy(),Z
tBodyAccMag-mad(),0.007511760564559718,tBodyAccMag,mad(),
"tGravityAcc-arCoeff()-Z,4",0.007332707343960555,tGravityAcc,arCoeff(),"Z,4"
fBodyAccMag-sma(),0.007248084964745465,fBodyAccMag,sma(),
"angle(Z,gravityMean)",0.007146463687695205,angle,Z,gravityMean
fBodyAcc-energy()-X,0.007037939255279405,fBodyAcc,energy(),X
tGravityAcc-min()-Z,0.006839445886774728,tGravityAcc,min(),Z
tGravityAccMag-std(),0.006806534774992745,tGravityAccMag,std(),
"fBodyAcc-bandsEnergy()-9,16",0.006692753460521732,fBodyAcc,bandsEnergy(),"9,16"
fBodyGyro-maxInds-Z,0.00643256092277158,fBodyGyro,maxInds,Z
tBodyAccJerk-energy()-Y,0.006424366603410611,tBodyAccJerk,energy(),Y
"tGravityAcc-arCoeff()-Y,1",0.006402841125226469,tGravityAcc,arCoeff(),"Y,1"
fBodyAccJerk-max()-X,0.006327069561331539,fBodyAccJerk,max(),X
fBodyAccJerk-energy()-X,0.006195432363574662,fBodyAccJerk,energy(),X
fBodyAcc-mean()-X,0.005944833277444908,fBodyAcc,mean(),X
tGravityAccMag-arCoeff()1,0.0057686325344532986,tGravityAccMag,arCoeff()1,
tBodyAccJerkMag-mad(),0.005343372931627534,tBodyAccJerkMag,mad(),
"tBodyAcc-correlation()-X,Y",0.005244641211337409,tBodyAcc,correlation(),"X,Y"
"fBodyAcc-bandsEnergy()-1,8",0.005213557891843599,fBodyAcc,bandsEnergy(),"1,8"
tBodyAccMag-max(),0.0051947330113468505,tBodyAccMag,max(),
"tGravityAcc-arCoeff()-Y,2",0.005141085150790002,tGravityAcc,arCoeff(),"Y,2"
"tGravityAcc-arCoeff()-X,4",0.005050838809860997,tGravityAcc,arCoeff(),"X,4"
tBodyAcc-std()-X,0.005027191543874623,tBodyAcc,std(),X
fBodyAccMag-mad(),0.004938759273456117,fBodyAccMag,mad(),
"tGravityAcc-arCoeff()-X,2",0.004938433698392113,tGravityAcc,arCoeff(),"X,2"
tGravityAcc-entropy()-Y,0.0049232073103364984,tGravityAcc,entropy(),Y
fBodyAccJerk-std()-Y,0.004902338814660977,fBodyAccJerk,std(),Y
tBodyAccJerkMag-iqr(),0.004847660701912592,tBodyAccJerkMag,iqr(),
"tGravityAcc-arCoeff()-Y,3",0.004838873164299353,tGravityAcc,arCoeff(),"Y,3"
fBodyAccJerk-sma(),0.004715003096834601,fBodyAccJerk,sma(),
fBodyAcc-entropy()-X,0.004568785103202011,fBodyAcc,entropy(),X
tBodyGyroJerk-iqr()-X,0.00453019529451025,tBodyGyroJerk,iqr(),X
tBodyAccMag-arCoeff()1,0.004451140295631836,tBodyAccMag,arCoeff()1,
"fBodyAccJerk-bandsEnergy()-9,16",0.004427690435067731,fBodyAccJerk,bandsEnergy(),"9,16"
tBodyAccJerkMag-sma(),0.0044008878750687016,tBodyAccJerkMag,sma(),
tBodyAccJerk-iqr()-Z,0.004399999629364906,tBodyAccJerk,iqr(),Z
"fBodyAccJerk-bandsEnergy()-1,24",0.004381594735068794,fBodyAccJerk,bandsEnergy(),"1,24"
tBodyAccJerk-entropy()-X,0.004358852373361659,tBodyAccJerk,entropy(),X
"tGravityAcc-arCoeff()-X,3",0.004317269827635186,tGravityAcc,arCoeff(),"X,3"
fBodyAcc-max()-X,0.004304162222504649,fBodyAcc,max(),X
"fBodyAccJerk-bandsEnergy()-1,8.1",0.004297455364111141,fBodyAccJerk,bandsEnergy(),"1,8.1"
"fBodyAcc-bandsEnergy()-1,16",0.004284905313727077,fBodyAcc,bandsEnergy(),"1,16"
fBodyGyro-sma(),0.004281460165870258,fBodyGyro,sma(),
tBodyGyro-mad()-Y,0.004270732431861475,tBodyGyro,mad(),Y
tGravityAccMag-mad(),0.0042513043603102565,tGravityAccMag,mad(),
fBodyBodyAccJerkMag-sma(),0.004243187481515475,fBodyBodyAccJerkMag,sma(),
tBodyGyroJerkMag-mean(),0.004214570665695933,tBodyGyroJerkMag,mean(),
tBodyAccJerk-mad()-X,0.004205672607793011,tBodyAccJerk,mad(),X
"tGravityAcc-arCoeff()-X,1",0.004011210422218314,tGravityAcc,arCoeff(),"X,1"
fBodyAccMag-mean(),0.0039872994431517615,fBodyAccMag,mean(),
fBodyAcc-skewness()-X,0.003923635577613723,fBodyAcc,skewness(),X
"tGravityAcc-correlation()-X,Y",0.0035320215003507927,tGravityAcc,correlation(),"X,Y"
fBodyAcc-std()-X,0.003464642302116613,fBodyAcc,std(),X
fBodyAcc-sma(),0.0034447743036735935,fBodyAcc,sma(),
fBodyAcc-meanFreq()-Z,0.0033552683014095785,fBodyAcc,meanFreq(),Z
tGravityAcc-entropy()-X,0.003332949527107508,tGravityAcc,entropy(),X
tGravityAcc-mad()-X,0.0032721056719580656,tGravityAcc,mad(),X
tBodyAccJerk-energy()-X,0.003129679188199464,tBodyAccJerk,energy(),X
"tGravityAcc-correlation()-Y,Z",0.0030844184746838116,tGravityAcc,correlation(),"Y,Z"
tBodyAccMag-energy(),0.0029417974346371916,tBodyAccMag,energy(),
fBodyAccMag-std(),0.002880174845937926,fBodyAccMag,std(),
"fBodyGyro-bandsEnergy()-1,8",0.0028517376989724025,fBodyGyro,bandsEnergy(),"1,8"
"fBodyGyro-bandsEnergy()-1,8",0.0028517376989724025,fBodyGyro,bandsEnergy(),"1,8"
"fBodyGyro-bandsEnergy()-1,8",0.0028517376989724025,fBodyGyro,bandsEnergy(),"1,8"
fBodyBodyAccJerkMag-mean(),0.0028248782028264152,fBodyBodyAccJerkMag,mean(),
"fBodyAcc-bandsEnergy()-17,24.2",0.002754837992246809,fBodyAcc,bandsEnergy(),"17,24.2"
tBodyAccJerkMag-entropy(),0.002720895812425199,tBodyAccJerkMag,entropy(),
tBodyAccJerkMag-energy(),0.0026646284970690435,tBodyAccJerkMag,energy(),
tBodyAcc-energy()-X,0.002645862185396929,tBodyAcc,energy(),X
tBodyAccJerk-std()-Y,0.0026283715605944415,tBodyAccJerk,std(),Y
tBodyGyroJerk-mad()-Z,0.0026106913568997065,tBodyGyroJerk,mad(),Z
fBodyGyro-meanFreq()-X,0.002582943139829352,fBodyGyro,meanFreq(),X
"fBodyAccJerk-bandsEnergy()-33,48",0.002567506093008761,fBodyAccJerk,bandsEnergy(),"33,48"
"tGravityAcc-arCoeff()-Y,4",0.0025358083826260576,tGravityAcc,arCoeff(),"Y,4"
tBodyAccJerk-std()-X,0.002526709700730837,tBodyAccJerk,std(),X
tGravityAcc-sma(),0.0025176597516612807,tGravityAcc,sma(),
tGravityAccMag-max(),0.0024455262607391876,tGravityAccMag,max(),
tBodyAccJerk-mad()-Y,0.0024333405595761332,tBodyAccJerk,mad(),Y
tBodyAccJerk-iqr()-Y,0.002423675128191747,tBodyAccJerk,iqr(),Y
fBodyAccJerk-max()-Y,0.0023980362443401138,fBodyAccJerk,max(),Y
tBodyAccJerk-iqr()-X,0.0023906591934621927,tBodyAccJerk,iqr(),X
"fBodyAccJerk-bandsEnergy()-17,24",0.0023640226409454893,fBodyAccJerk,bandsEnergy(),"17,24"
tBodyGyroJerkMag-sma(),0.0023584889497694026,tBodyGyroJerkMag,sma(),
fBodyAccJerk-mad()-X,0.0023560263962143944,fBodyAccJerk,mad(),X
fBodyGyro-std()-X,0.0023462475957462875,fBodyGyro,std(),X
fBodyGyro-iqr()-Z,0.0023027914944924997,fBodyGyro,iqr(),Z
fBodyAccJerk-mean()-X,0.0022976613086543238,fBodyAccJerk,mean(),X
fBodyGyro-mean()-X,0.002277288824571239,fBodyGyro,mean(),X
tBodyGyro-iqr()-X,0.002272899928628566,tBodyGyro,iqr(),X
"tBodyAcc-correlation()-Y,Z",0.0022477090894641753,tBodyAcc,correlation(),"Y,Z"
fBodyGyro-mad()-X,0.0022444189847261554,fBodyGyro,mad(),X
tBodyGyro-iqr()-Y,0.0022267513914420705,tBodyGyro,iqr(),Y
"fBodyAccJerk-bandsEnergy()-25,48.1",0.0021846983989804343,fBodyAccJerk,bandsEnergy(),"25,48.1"
"fBodyAccJerk-bandsEnergy()-1,16.1",0.00212557105686992,fBodyAccJerk,bandsEnergy(),"1,16.1"
fBodyAccJerk-maxInds-Z,0.0021169662147866846,fBodyAccJerk,maxInds,Z
fBodyAccJerk-entropy()-X,0.002100541597296959,fBodyAccJerk,entropy(),X
fBodyAccJerk-iqr()-Y,0.002085012764914809,fBodyAccJerk,iqr(),Y
tBodyGyro-mad()-X,0.0020713182900083628,tBodyGyro,mad(),X
tBodyGyro-min()-X,0.0020634649443275997,tBodyGyro,min(),X
tBodyAccJerk-max()-X,0.002021614734064218,tBodyAccJerk,max(),X
tBodyGyroJerk-energy()-X,0.0019981019243799224,tBodyGyroJerk,energy(),X
fBodyGyro-maxInds-X,0.0019893275924385318,fBodyGyro,maxInds,X
tBodyGyroJerk-std()-X,0.0019817224192039003,tBodyGyroJerk,std(),X
fBodyGyro-energy()-X,0.0019108395317534988,fBodyGyro,energy(),X
tGravityAccMag-energy(),0.0018981830903525825,tGravityAccMag,energy(),
fBodyAccMag-max(),0.0018912400195298688,fBodyAccMag,max(),
tBodyAcc-entropy()-X,0.0018699474531125462,tBodyAcc,entropy(),X
fBodyAccMag-meanFreq(),0.001835818112493426,fBodyAccMag,meanFreq(),
"tBodyAcc-correlation()-X,Z",0.0018168659927799476,tBodyAcc,correlation(),"X,Z"
fBodyAccJerk-maxInds-X,0.0017621353453894412,fBodyAccJerk,maxInds,X
"fBodyAccJerk-bandsEnergy()-17,24.1",0.0017441155018703028,fBodyAccJerk,bandsEnergy(),"17,24.1"
tBodyGyroJerk-mad()-X,0.0017439207168193794,tBodyGyroJerk,mad(),X
"fBodyGyro-bandsEnergy()-1,24",0.0017097663312166565,fBodyGyro,bandsEnergy(),"1,24"
"fBodyGyro-bandsEnergy()-1,24",0.0017097663312166565,fBodyGyro,bandsEnergy(),"1,24"
"fBodyGyro-bandsEnergy()-1,24",0.0017097663312166565,fBodyGyro,bandsEnergy(),"1,24"
tBodyGyro-max()-X,0.0016374220802771058,tBodyGyro,max(),X
tBodyAccMag-arCoeff()2,0.0016270532224713133,tBodyAccMag,arCoeff()2,
"fBodyAcc-bandsEnergy()-1,8.1",0.0015515941281945764,fBodyAcc,bandsEnergy(),"1,8.1"
"tBodyGyro-arCoeff()-X,1",0.0014981607307356785,tBodyGyro,arCoeff(),"X,1"
"fBodyGyro-bandsEnergy()-9,16",0.0014668262958435106,fBodyGyro,bandsEnergy(),"9,16"
"fBodyGyro-bandsEnergy()-9,16",0.0014668262958435106,fBodyGyro,bandsEnergy(),"9,16"
"fBodyGyro-bandsEnergy()-9,16",0.0014668262958435106,fBodyGyro,bandsEnergy(),"9,16"
tBodyGyro-std()-X,0.001446913708399898,tBodyGyro,std(),X
tBodyGyro-mean()-X,0.0014163922398161188,tBodyGyro,mean(),X
tGravityAccMag-iqr(),0.0013940417672317934,tGravityAccMag,iqr(),
"fBodyGyro-bandsEnergy()-1,16",0.0013834199279286795,fBodyGyro,bandsEnergy(),"1,16"
"fBodyGyro-bandsEnergy()-1,16",0.0013834199279286795,fBodyGyro,bandsEnergy(),"1,16"
"fBodyGyro-bandsEnergy()-1,16",0.0013834199279286795,fBodyGyro,bandsEnergy(),"1,16"
fBodyGyro-max()-X,0.00137405228450899,fBodyGyro,max(),X
tBodyGyro-entropy()-X,0.0013659009827625104,tBodyGyro,entropy(),X
fBodyAcc-skewness()-Y,0.0013570154578897878,fBodyAcc,skewness(),Y
tGravityAccMag-sma(),0.001337435940002308,tGravityAccMag,sma(),
tGravityAcc-std()-Y,0.0013356082132601173,tGravityAcc,std(),Y
"fBodyGyro-bandsEnergy()-1,8.2",0.0012917302248001876,,,
tBodyAcc-mad()-X,0.0012548788024687174,tBodyAcc,mad(),X
tBodyGyroJerk-min()-X,0.001220190605153646,tBodyGyroJerk,min(),X
fBodyAccMag-iqr(),0.0012107855737604866,fBodyAccMag,iqr(),
"fBodyAccJerk-bandsEnergy()-17,32.2",0.0011960554015511828,fBodyAccJerk,bandsEnergy(),"17,32.2"
tBodyAcc-iqr()-X,0.001184255095454892,tBodyAcc,iqr(),X
tBodyGyro-energy()-X,0.0011748166792369074,tBodyGyro,energy(),X
fBodyAccMag-entropy(),0.0011606400165699085,fBodyAccMag,entropy(),
fBodyBodyGyroJerkMag-max(),0.0011038592319265667,fBodyBodyGyroJerkMag,max(),
"fBodyAccJerk-bandsEnergy()-17,24.2",0.0010271701681300865,fBodyAccJerk,bandsEnergy(),"17,24.2"
"tBodyGyro-correlation()-Y,Z",0.0010078229929425325,tBodyGyro,correlation(),"Y,Z"
tGravityAccMag-arCoeff()2,0.001007409111981286,tGravityAccMag,arCoeff()2,
tGravityAcc-std()-X,0.001001215329169326,tGravityAcc,std(),X
"fBodyGyro-bandsEnergy()-1,8.1",0.000997883579970238,,,
tBodyAcc-sma(),0.0009902296771334617,tBodyAcc,sma(),
"tBodyGyroJerk-correlation()-X,Y",0.0009862568570459512,tBodyGyroJerk,correlation(),"X,Y"
fBodyBodyGyroMag-maxInds,0.0009596132765983309,fBodyBodyGyroMag,maxInds,
tBodyGyroJerkMag-energy(),0.0009527166322605121,tBodyGyroJerkMag,energy(),
"tBodyGyro-correlation()-X,Y",0.0009526202828017055,tBodyGyro,correlation(),"X,Y"
tBodyGyro-iqr()-Z,0.0009348184873517909,tBodyGyro,iqr(),Z
fBodyGyro-entropy()-X,0.0009155766742959174,fBodyGyro,entropy(),X
"fBodyAcc-bandsEnergy()-17,24.1",0.0009062388180647153,fBodyAcc,bandsEnergy(),"17,24.1"
tBodyAccJerk-entropy()-Z,0.0009040827040386165,tBodyAccJerk,entropy(),Z
fBodyGyro-kurtosis()-Y,0.0008821493524171886,fBodyGyro,kurtosis(),Y
tGravityAccMag-mean(),0.0008691244730651435,tGravityAccMag,mean(),
"fBodyAccJerk-bandsEnergy()-1,24.1",0.0008672222017509549,fBodyAccJerk,bandsEnergy(),"1,24.1"
"fBodyGyro-bandsEnergy()-17,24.2",0.0008558935934872021,,,
fBodyGyro-maxInds-Y,0.0008396182906904818,fBodyGyro,maxInds,Y
fBodyGyro-max()-Z,0.000817664008147061,fBodyGyro,max(),Z
tBodyAccJerk-std()-Z,0.0008159965759913844,tBodyAccJerk,std(),Z
fBodyGyro-energy()-Y,0.0008148072999913911,fBodyGyro,energy(),Y
fBodyAcc-kurtosis()-X,0.0008120411475555289,fBodyAcc,kurtosis(),X
"fBodyGyro-bandsEnergy()-1,24.2",0.0008108478957786298,,,
"tBodyGyroJerk-correlation()-Y,Z",0.0008026542132753782,tBodyGyroJerk,correlation(),"Y,Z"
"tBodyAccJerk-correlation()-X,Y",0.0007916826875514674,tBodyAccJerk,correlation(),"X,Y"
fBodyGyro-skewness()-Z,0.0007837424486727493,fBodyGyro,skewness(),Z
subject,0.0007797108026810956,,,
fBodyBodyGyroMag-meanFreq(),0.0007790937274255034,fBodyBodyGyroMag,meanFreq(),
fBodyGyro-std()-Z,0.0007532616805617866,fBodyGyro,std(),Z
tBodyGyro-mean()-Y,0.0007389633448689702,tBodyGyro,mean(),Y
tBodyAccJerkMag-std(),0.000725901314803368,tBodyAccJerkMag,std(),
"fBodyGyro-bandsEnergy()-33,48",0.0006980864631653258,fBodyGyro,bandsEnergy(),"33,48"
"fBodyGyro-bandsEnergy()-33,48",0.0006980864631653258,fBodyGyro,bandsEnergy(),"33,48"
"fBodyGyro-bandsEnergy()-33,48",0.0006980864631653258,fBodyGyro,bandsEnergy(),"33,48"
fBodyAcc-kurtosis()-Y,0.0006904248973449039,fBodyAcc,kurtosis(),Y
tBodyGyro-std()-Z,0.0006903088087686912,tBodyGyro,std(),Z
tBodyGyroJerk-entropy()-X,0.0006858493808979512,tBodyGyroJerk,entropy(),X
"fBodyAcc-bandsEnergy()-17,32.2",0.0006837754394670086,fBodyAcc,bandsEnergy(),"17,32.2"
"fBodyAcc-bandsEnergy()-1,8.2",0.0006793030695190587,fBodyAcc,bandsEnergy(),"1,8.2"
"fBodyAcc-bandsEnergy()-1,24.2",0.0006790938486351131,fBodyAcc,bandsEnergy(),"1,24.2"
fBodyAcc-max()-Y,0.0006771796740775357,fBodyAcc,max(),Y
fBodyAcc-std()-Z,0.0006710024217294917,fBodyAcc,std(),Z
"tBodyAccJerk-correlation()-X,Z",0.0006561260143898393,tBodyAccJerk,correlation(),"X,Z"
tBodyAccJerk-mad()-Z,0.0006488252052658552,tBodyAccJerk,mad(),Z
tGravityAcc-std()-Z,0.0006455114720681282,tGravityAcc,std(),Z
"fBodyGyro-bandsEnergy()-1,16.2",0.0006450916224730659,,,
"fBodyAcc-bandsEnergy()-1,16.2",0.0006439181945164733,fBodyAcc,bandsEnergy(),"1,16.2"
"fBodyGyro-bandsEnergy()-25,32.1",0.0006378430741383603,,,
fBodyAccJerk-mean()-Z,0.0006344658030246278,fBodyAccJerk,mean(),Z
"tBodyGyroJerk-arCoeff()-X,1",0.0006322508359026026,tBodyGyroJerk,arCoeff(),"X,1"
"tBodyGyro-correlation()-X,Z",0.0006319476561682025,tBodyGyro,correlation(),"X,Z"
"tBodyGyroJerk-correlation()-X,Z",0.0006228020444122459,tBodyGyroJerk,correlation(),"X,Z"
tBodyAccJerk-energy()-Z,0.0006227634039672383,tBodyAccJerk,energy(),Z
fBodyBodyGyroJerkMag-energy(),0.000620641833737839,fBodyBodyGyroJerkMag,energy(),
"fBodyGyro-bandsEnergy()-17,24",0.000617962693785163,fBodyGyro,bandsEnergy(),"17,24"
"fBodyGyro-bandsEnergy()-17,24",0.000617962693785163,fBodyGyro,bandsEnergy(),"17,24"
"fBodyGyro-bandsEnergy()-17,24",0.000617962693785163,fBodyGyro,bandsEnergy(),"17,24"
fBodyGyro-kurtosis()-X,0.0006094456925004633,fBodyGyro,kurtosis(),X
"fBodyAcc-bandsEnergy()-17,24",0.0006046628057164651,fBodyAcc,bandsEnergy(),"17,24"
tBodyGyro-energy()-Z,0.0005913148984231726,tBodyGyro,energy(),Z
tBodyGyro-mad()-Z,0.0005869799323158954,tBodyGyro,mad(),Z
"fBodyAccJerk-bandsEnergy()-1,16.2",0.0005739284597010783,fBodyAccJerk,bandsEnergy(),"1,16.2"
"angle(tBodyGyroMean,gravityMean)",0.0005662387476434476,angle,tBodyGyroMean,gravityMean
tBodyAccJerk-max()-Z,0.0005634295940777637,tBodyAccJerk,max(),Z
fBodyGyro-mean()-Z,0.000555903266426951,fBodyGyro,mean(),Z
"tGravityAcc-correlation()-X,Z",0.0005548503748041523,tGravityAcc,correlation(),"X,Z"
tGravityAcc-iqr()-Z,0.0005507743429502302,tGravityAcc,iqr(),Z
fBodyAcc-meanFreq()-Y,0.0005497787426398051,fBodyAcc,meanFreq(),Y
"fBodyGyro-bandsEnergy()-33,40",0.000543615026444379,fBodyGyro,bandsEnergy(),"33,40"
"fBodyGyro-bandsEnergy()-33,40",0.000543615026444379,fBodyGyro,bandsEnergy(),"33,40"
"fBodyGyro-bandsEnergy()-33,40",0.000543615026444379,fBodyGyro,bandsEnergy(),"33,40"
fBodyGyro-skewness()-X,0.0005401450171281716,fBodyGyro,skewness(),X
tBodyAcc-iqr()-Y,0.0005310389773368197,tBodyAcc,iqr(),Y
tBodyGyroJerk-max()-Y,0.0005259331566778746,tBodyGyroJerk,max(),Y
tGravityAcc-iqr()-X,0.0005188268131684276,tGravityAcc,iqr(),X
"fBodyAcc-bandsEnergy()-25,48.2",0.0005183690581771913,fBodyAcc,bandsEnergy(),"25,48.2"
"angle(tBodyGyroJerkMean,gravityMean)",0.0005177167357988336,angle,tBodyGyroJerkMean,gravityMean
"fBodyAcc-bandsEnergy()-9,16.1",0.0005100236799312474,fBodyAcc,bandsEnergy(),"9,16.1"
fBodyGyro-kurtosis()-Z,0.0005029616213295346,fBodyGyro,kurtosis(),Z
fBodyGyro-mean()-Y,0.000500666109559818,fBodyGyro,mean(),Y
"tBodyGyroJerk-arCoeff()-Y,1",0.0005001866578679875,tBodyGyroJerk,arCoeff(),"Y,1"
fBodyGyro-energy()-Z,0.0004987461607474645,fBodyGyro,energy(),Z
"tBodyAcc-arCoeff()-X,1",0.000497706339238469,tBodyAcc,arCoeff(),"X,1"
tBodyGyro-std()-Y,0.0004965608317953998,tBodyGyro,std(),Y
tGravityAcc-mad()-Y,0.0004956767911054291,tGravityAcc,mad(),Y
fBodyBodyAccJerkMag-skewness(),0.0004925125646919214,fBodyBodyAccJerkMag,skewness(),
tBodyAcc-mad()-Z,0.00048585360566700734,tBodyAcc,mad(),Z
fBodyAcc-skewness()-Z,0.0004829952998759294,fBodyAcc,skewness(),Z
"fBodyAccJerk-bandsEnergy()-33,40.2",0.0004826755513305802,fBodyAccJerk,bandsEnergy(),"33,40.2"
tBodyAcc-std()-Y,0.00047967032845053247,tBodyAcc,std(),Y
"fBodyGyro-bandsEnergy()-17,32.2",0.0004772098086750134,,,
fBodyGyro-std()-Y,0.0004705878217107795,fBodyGyro,std(),Y
tBodyAccJerk-min()-Z,0.0004631514839736557,tBodyAccJerk,min(),Z
"fBodyGyro-bandsEnergy()-49,56.2",0.000461450802551313,,,
fBodyAcc-maxInds-X,0.00046127877546949187,fBodyAcc,maxInds,X
tBodyGyroJerk-std()-Z,0.00045967865368554497,tBodyGyroJerk,std(),Z
fBodyGyro-max()-Y,0.0004590188568641495,fBodyGyro,max(),Y
fBodyBodyGyroJerkMag-std(),0.00045888547374951224,fBodyBodyGyroJerkMag,std(),
"fBodyGyro-bandsEnergy()-41,48",0.00045855226382574503,fBodyGyro,bandsEnergy(),"41,48"
"fBodyGyro-bandsEnergy()-41,48",0.00045855226382574503,fBodyGyro,bandsEnergy(),"41,48"
"fBodyGyro-bandsEnergy()-41,48",0.00045855226382574503,fBodyGyro,bandsEnergy(),"41,48"
fBodyBodyAccJerkMag-std(),0.00045769521417543383,fBodyBodyAccJerkMag,std(),
"fBodyAcc-bandsEnergy()-17,32.1",0.000455329638871718,fBodyAcc,bandsEnergy(),"17,32.1"
"fBodyGyro-bandsEnergy()-1,24.1",0.0004511548162617946,,,
tBodyAcc-mad()-Y,0.0004509880964370535,tBodyAcc,mad(),Y
tBodyAccMag-mean(),0.0004439792384022614,tBodyAccMag,mean(),
fBodyBodyGyroMag-skewness(),0.00044108608464613953,fBodyBodyGyroMag,skewness(),
fBodyAccJerk-energy()-Z,0.00043198484492253835,fBodyAccJerk,energy(),Z
fBodyBodyGyroJerkMag-skewness(),0.0004280631905852956,fBodyBodyGyroJerkMag,skewness(),
"tBodyGyroJerk-arCoeff()-X,2",0.000425686514290728,tBodyGyroJerk,arCoeff(),"X,2"
"fBodyGyro-bandsEnergy()-25,32.2",0.00042316235306868533,,,
"fBodyGyro-bandsEnergy()-17,32.1",0.00042175970212187573,,,
fBodyGyro-meanFreq()-Z,0.00041434478014902674,fBodyGyro,meanFreq(),Z
"tBodyAccJerk-arCoeff()-Z,1",0.00041084162369588346,tBodyAccJerk,arCoeff(),"Z,1"
tBodyGyroJerk-mad()-Y,0.0004092753045238819,tBodyGyroJerk,mad(),Y
"fBodyGyro-bandsEnergy()-1,16.1",0.00040779917049569534,,,
tBodyAcc-entropy()-Z,0.000400543500388554,tBodyAcc,entropy(),Z
fBodyGyro-entropy()-Y,0.00039975540289136026,fBodyGyro,entropy(),Y
fBodyAccJerk-meanFreq()-X,0.00039778967672466693,fBodyAccJerk,meanFreq(),X
fBodyGyro-min()-Z,0.0003969352353168082,fBodyGyro,min(),Z
tBodyGyro-mean()-Z,0.0003967334770885339,tBodyGyro,mean(),Z
"fBodyGyro-bandsEnergy()-25,48",0.00039670016276563885,fBodyGyro,bandsEnergy(),"25,48"
"fBodyGyro-bandsEnergy()-25,48",0.00039670016276563885,fBodyGyro,bandsEnergy(),"25,48"
"fBodyGyro-bandsEnergy()-25,48",0.00039670016276563885,fBodyGyro,bandsEnergy(),"25,48"
tBodyGyroJerk-energy()-Z,0.000396474400584087,tBodyGyroJerk,energy(),Z
"fBodyAccJerk-bandsEnergy()-25,48",0.0003911381360646684,fBodyAccJerk,bandsEnergy(),"25,48"
fBodyAcc-maxInds-Y,0.0003890076305898465,fBodyAcc,maxInds,Y
fBodyGyro-mad()-Y,0.0003875372639332776,fBodyGyro,mad(),Y
fBodyBodyAccJerkMag-max(),0.0003874098553768626,fBodyBodyAccJerkMag,max(),
fBodyBodyAccJerkMag-kurtosis(),0.0003840337192674008,fBodyBodyAccJerkMag,kurtosis(),
tGravityAcc-iqr()-Y,0.00038060558327018953,tGravityAcc,iqr(),Y
tBodyGyro-sma(),0.0003770181035718394,tBodyGyro,sma(),
fBodyGyro-skewness()-Y,0.0003767291484231482,fBodyGyro,skewness(),Y
"fBodyAccJerk-bandsEnergy()-1,24.2",0.0003752811306620466,fBodyAccJerk,bandsEnergy(),"1,24.2"
tBodyAccJerk-entropy()-Y,0.00037457466229593166,tBodyAccJerk,entropy(),Y
tBodyGyroJerkMag-iqr(),0.00037448934650541945,tBodyGyroJerkMag,iqr(),
fBodyAcc-std()-Y,0.00037368266651623843,fBodyAcc,std(),Y
"fBodyGyro-bandsEnergy()-49,56",0.00037288277896705595,fBodyGyro,bandsEnergy(),"49,56"
"fBodyGyro-bandsEnergy()-49,56",0.00037288277896705595,fBodyGyro,bandsEnergy(),"49,56"
"fBodyGyro-bandsEnergy()-49,56",0.00037288277896705595,fBodyGyro,bandsEnergy(),"49,56"
"fBodyGyro-bandsEnergy()-57,64",0.0003713923654605533,fBodyGyro,bandsEnergy(),"57,64"
"fBodyGyro-bandsEnergy()-57,64",0.0003713923654605533,fBodyGyro,bandsEnergy(),"57,64"
"fBodyGyro-bandsEnergy()-57,64",0.0003713923654605533,fBodyGyro,bandsEnergy(),"57,64"
"fBodyAcc-bandsEnergy()-1,24.1",0.00036915774508212274,fBodyAcc,bandsEnergy(),"1,24.1"
tGravityAcc-mad()-Z,0.00036548776427892845,tGravityAcc,mad(),Z
tBodyGyroJerk-max()-Z,0.0003632775384968576,tBodyGyroJerk,max(),Z
"fBodyGyro-bandsEnergy()-25,32",0.0003614029704303402,fBodyGyro,bandsEnergy(),"25,32"
"fBodyGyro-bandsEnergy()-25,32",0.0003614029704303402,fBodyGyro,bandsEnergy(),"25,32"
"fBodyGyro-bandsEnergy()-25,32",0.0003614029704303402,fBodyGyro,bandsEnergy(),"25,32"
tBodyGyroJerk-max()-X,0.000358660409328514,tBodyGyroJerk,max(),X
"fBodyGyro-bandsEnergy()-33,40.2",0.00035842662041669264,,,
fBodyAcc-meanFreq()-X,0.00035170916000184084,fBodyAcc,meanFreq(),X
fBodyBodyGyroJerkMag-kurtosis(),0.0003507566879364693,fBodyBodyGyroJerkMag,kurtosis(),
fBodyGyro-iqr()-X,0.00035057926142311894,fBodyGyro,iqr(),X
"tBodyGyro-arCoeff()-Y,1",0.0003502835453517037,tBodyGyro,arCoeff(),"Y,1"
tBodyGyro-min()-Z,0.00034659275171186295,tBodyGyro,min(),Z
tBodyAcc-energy()-Y,0.00034086811242845416,tBodyAcc,energy(),Y
tBodyGyroJerkMag-arCoeff()2,0.00034084601747424277,tBodyGyroJerkMag,arCoeff()2,
"tBodyGyro-arCoeff()-Z,4",0.00033920460007642373,tBodyGyro,arCoeff(),"Z,4"
"fBodyGyro-bandsEnergy()-33,48.2",0.0003370734278880539,,,
tBodyGyroJerkMag-max(),0.00033693226518839383,tBodyGyroJerkMag,max(),
"fBodyGyro-bandsEnergy()-25,48.1",0.0003363030323744156,,,
"tBodyAccJerk-arCoeff()-X,3",0.00033598666313451126,tBodyAccJerk,arCoeff(),"X,3"
"fBodyGyro-bandsEnergy()-17,24.1",0.0003343502170453258,,,
tBodyGyroMag-energy(),0.00033341061035257785,tBodyGyroMag,energy(),
fBodyGyro-entropy()-Z,0.00033178198820671927,fBodyGyro,entropy(),Z
tBodyGyro-max()-Y,0.00033098462593851417,tBodyGyro,max(),Y
"fBodyAccJerk-bandsEnergy()-25,48.2",0.00033043061539154446,fBodyAccJerk,bandsEnergy(),"25,48.2"
tBodyGyroJerk-min()-Y,0.00032646874274733326,tBodyGyroJerk,min(),Y
"fBodyGyro-bandsEnergy()-25,48.2",0.00032641609315160383,,,
fBodyAccMag-kurtosis(),0.00032527454142698123,fBodyAccMag,kurtosis(),
tBodyAcc-max()-Y,0.0003245439591471522,tBodyAcc,max(),Y
"fBodyGyro-bandsEnergy()-17,32",0.0003223671416562847,fBodyGyro,bandsEnergy(),"17,32"
"fBodyGyro-bandsEnergy()-17,32",0.0003223671416562847,fBodyGyro,bandsEnergy(),"17,32"
"fBodyGyro-bandsEnergy()-17,32",0.0003223671416562847,fBodyGyro,bandsEnergy(),"17,32"
"tBodyGyro-arCoeff()-Y,4",0.00031935506777044394,tBodyGyro,arCoeff(),"Y,4"
fBodyBodyGyroMag-max(),0.0003190826881651989,fBodyBodyGyroMag,max(),
"tBodyGyroJerk-arCoeff()-X,3",0.00031831170185466726,tBodyGyroJerk,arCoeff(),"X,3"
tBodyGyroJerkMag-entropy(),0.0003173281255020613,tBodyGyroJerkMag,entropy(),
"tBodyAccJerk-arCoeff()-Z,3",0.0003170489845409686,tBodyAccJerk,arCoeff(),"Z,3"
fBodyBodyGyroMag-energy(),0.0003144749610621768,fBodyBodyGyroMag,energy(),
fBodyAccJerk-skewness()-Y,0.0003142976542916242,fBodyAccJerk,skewness(),Y
"fBodyAccJerk-bandsEnergy()-17,32",0.00031271195526203817,fBodyAccJerk,bandsEnergy(),"17,32"
fBodyAcc-entropy()-Z,0.00031233860326188153,fBodyAcc,entropy(),Z
tBodyGyroJerkMag-std(),0.00030825743074350693,tBodyGyroJerkMag,std(),
"fBodyGyro-bandsEnergy()-57,64.2",0.0003059467380820509,,,
tBodyAcc-entropy()-Y,0.00030512051749389824,tBodyAcc,entropy(),Y
"fBodyAccJerk-bandsEnergy()-49,64.2",0.000304964814043458,fBodyAccJerk,bandsEnergy(),"49,64.2"
"fBodyAcc-bandsEnergy()-33,40.2",0.0003028926021357113,fBodyAcc,bandsEnergy(),"33,40.2"
"fBodyAccJerk-bandsEnergy()-1,8.2",0.00030187568499768255,fBodyAccJerk,bandsEnergy(),"1,8.2"
fBodyBodyAccJerkMag-mad(),0.0003015685682363935,fBodyBodyAccJerkMag,mad(),
tBodyAccJerk-max()-Y,0.00030116167242336985,tBodyAccJerk,max(),Y
"fBodyGyro-bandsEnergy()-49,56.1",0.0003009797085935933,,,
tBodyAccJerkMag-max(),0.0002976199376685173,tBodyAccJerkMag,max(),
"fBodyAcc-bandsEnergy()-17,32",0.00029639656766422843,fBodyAcc,bandsEnergy(),"17,32"
fBodyAcc-iqr()-X,0.0002962529812186646,fBodyAcc,iqr(),X
fBodyAccJerk-std()-Z,0.00029567373271798187,fBodyAccJerk,std(),Z
"tBodyGyroJerk-arCoeff()-Z,2",0.00029552263199744493,tBodyGyroJerk,arCoeff(),"Z,2"
tBodyAccJerkMag-arCoeff()2,0.0002955006126497155,tBodyAccJerkMag,arCoeff()2,
tBodyAccMag-iqr(),0.0002951831216972205,tBodyAccMag,iqr(),
fBodyAccJerk-max()-Z,0.0002929494170135332,fBodyAccJerk,max(),Z
tBodyGyroMag-arCoeff()2,0.00029210147806841993,tBodyGyroMag,arCoeff()2,
tBodyGyro-entropy()-Y,0.00029119661362267987,tBodyGyro,entropy(),Y
fBodyBodyGyroMag-min(),0.0002861612764128784,fBodyBodyGyroMag,min(),
"fBodyAcc-bandsEnergy()-49,56.2",0.00028463271069469157,fBodyAcc,bandsEnergy(),"49,56.2"
"tBodyAcc-arCoeff()-X,4",0.00027917783166865574,tBodyAcc,arCoeff(),"X,4"
tBodyAcc-mean()-Y,0.00027834228272547557,tBodyAcc,mean(),Y
tBodyGyroJerk-entropy()-Y,0.0002765549156989869,tBodyGyroJerk,entropy(),Y
"fBodyAccJerk-bandsEnergy()-25,32.2",0.0002762389943946142,fBodyAccJerk,bandsEnergy(),"25,32.2"
tBodyGyroJerkMag-mad(),0.0002754524938185911,tBodyGyroJerkMag,mad(),
fBodyAccJerk-skewness()-Z,0.0002752299617646226,fBodyAccJerk,skewness(),Z
tBodyGyroMag-min(),0.0002747028536104241,tBodyGyroMag,min(),
fBodyAccMag-min(),0.0002743473988881908,fBodyAccMag,min(),
"tBodyAccJerk-arCoeff()-Y,3",0.00027427453417261675,tBodyAccJerk,arCoeff(),"Y,3"
"fBodyGyro-bandsEnergy()-41,48.2",0.0002741945341298867,,,
"fBodyAcc-bandsEnergy()-25,32.2",0.00027361575314598254,fBodyAcc,bandsEnergy(),"25,32.2"
fBodyAcc-mean()-Z,0.0002733934676225013,fBodyAcc,mean(),Z
tBodyGyroJerk-std()-Y,0.0002723690620124415,tBodyGyroJerk,std(),Y
tBodyGyroJerk-mean()-X,0.00026775326303354847,tBodyGyroJerk,mean(),X
"tBodyAcc-arCoeff()-Z,1",0.0002652159901957434,tBodyAcc,arCoeff(),"Z,1"
tBodyAccJerk-min()-Y,0.00026445616666829884,tBodyAccJerk,min(),Y
tBodyGyro-max()-Z,0.0002636344358355242,tBodyGyro,max(),Z
"fBodyAcc-bandsEnergy()-33,48",0.00026351574135023063,fBodyAcc,bandsEnergy(),"33,48"
fBodyBodyAccJerkMag-meanFreq(),0.0002629977289172245,fBodyBodyAccJerkMag,meanFreq(),
fBodyGyro-iqr()-Y,0.0002625614999681273,fBodyGyro,iqr(),Y
fBodyAcc-iqr()-Z,0.00026196349807267364,fBodyAcc,iqr(),Z
tBodyGyroJerk-iqr()-Y,0.00026154822935818426,tBodyGyroJerk,iqr(),Y
tBodyGyroJerk-mean()-Z,0.0002612045174363677,tBodyGyroJerk,mean(),Z
"tBodyAccJerk-arCoeff()-Z,4",0.00026062395575033356,tBodyAccJerk,arCoeff(),"Z,4"
tBodyGyroJerk-energy()-Y,0.0002597667355154578,tBodyGyroJerk,energy(),Y
fBodyAccJerk-kurtosis()-Y,0.0002539694405751748,fBodyAccJerk,kurtosis(),Y
"tBodyGyroJerk-arCoeff()-Z,4",0.00025377911106118237,tBodyGyroJerk,arCoeff(),"Z,4"
fBodyAccJerk-entropy()-Z,0.00025328335870418905,fBodyAccJerk,entropy(),Z
fBodyAccJerk-mad()-Y,0.00025324287167908973,fBodyAccJerk,mad(),Y
"fBodyAccJerk-bandsEnergy()-9,16.1",0.00025296595463205295,fBodyAccJerk,bandsEnergy(),"9,16.1"
"tBodyGyro-arCoeff()-Y,2",0.00025233452289827725,tBodyGyro,arCoeff(),"Y,2"
"fBodyGyro-bandsEnergy()-49,64.2",0.0002502740460810362,,,
fBodyAccJerk-meanFreq()-Y,0.0002501903611240849,fBodyAccJerk,meanFreq(),Y
"tBodyAccJerk-arCoeff()-Y,2",0.0002493010910604571,tBodyAccJerk,arCoeff(),"Y,2"
"tBodyAcc-arCoeff()-X,2",0.0002489899699791362,tBodyAcc,arCoeff(),"X,2"
fBodyAcc-kurtosis()-Z,0.0002473934835554943,fBodyAcc,kurtosis(),Z
"tBodyAccJerk-correlation()-Y,Z",0.00024726578265980436,tBodyAccJerk,correlation(),"Y,Z"
fBodyBodyGyroMag-entropy(),0.0002467465373629672,fBodyBodyGyroMag,entropy(),
tBodyGyroMag-iqr(),0.0002467306284866591,tBodyGyroMag,iqr(),
"fBodyAcc-bandsEnergy()-1,16.1",0.00024639112881094807,fBodyAcc,bandsEnergy(),"1,16.1"
fBodyBodyGyroMag-sma(),0.00024581610939191257,fBodyBodyGyroMag,sma(),
fBodyAccJerk-kurtosis()-X,0.0002450121744640979,fBodyAccJerk,kurtosis(),X
"fBodyGyro-bandsEnergy()-9,16.2",0.00024468338396323934,,,
fBodyBodyGyroMag-kurtosis(),0.0002435414365926316,fBodyBodyGyroMag,kurtosis(),
tBodyGyro-entropy()-Z,0.00024301742800406475,tBodyGyro,entropy(),Z
"fBodyAcc-bandsEnergy()-41,48",0.00024286957558047,fBodyAcc,bandsEnergy(),"41,48"
"tBodyAccJerk-arCoeff()-X,1",0.0002427675005420504,tBodyAccJerk,arCoeff(),"X,1"
"tBodyAcc-arCoeff()-Z,4",0.00024252233248698297,tBodyAcc,arCoeff(),"Z,4"
fBodyAccJerk-skewness()-X,0.00024250808008153873,fBodyAccJerk,skewness(),X
tBodyAcc-min()-Z,0.000242414931145459,tBodyAcc,min(),Z
fBodyBodyGyroMag-iqr(),0.0002399382912290201,fBodyBodyGyroMag,iqr(),
"fBodyAcc-bandsEnergy()-57,64.2",0.00023955420763617163,fBodyAcc,bandsEnergy(),"57,64.2"
tBodyAccJerkMag-arCoeff()4,0.00023870330330690593,tBodyAccJerkMag,arCoeff()4,
"fBodyAccJerk-bandsEnergy()-25,32",0.00023809775140206632,fBodyAccJerk,bandsEnergy(),"25,32"
fBodyGyro-mad()-Z,0.000238061308179977,fBodyGyro,mad(),Z
"tBodyGyro-arCoeff()-Z,3",0.00023730309038149928,tBodyGyro,arCoeff(),"Z,3"
"fBodyGyro-bandsEnergy()-33,40.1",0.00023573781353374395,,,
fBodyBodyGyroJerkMag-meanFreq(),0.00023516628876161808,fBodyBodyGyroJerkMag,meanFreq(),
fBodyAcc-mean()-Y,0.00023338769911472604,fBodyAcc,mean(),Y
"fBodyAccJerk-bandsEnergy()-9,16.2",0.0002322185777719133,fBodyAccJerk,bandsEnergy(),"9,16.2"
"fBodyAcc-bandsEnergy()-25,48",0.0002315785319082765,fBodyAcc,bandsEnergy(),"25,48"
"fBodyAccJerk-bandsEnergy()-49,56.1",0.00022927363406786053,fBodyAccJerk,bandsEnergy(),"49,56.1"
fBodyAccJerk-min()-X,0.00022901085997669576,fBodyAccJerk,min(),X
fBodyAcc-energy()-Z,0.0002276804420974833,fBodyAcc,energy(),Z
"fBodyAccJerk-bandsEnergy()-33,48.2",0.00022725467303413824,fBodyAccJerk,bandsEnergy(),"33,48.2"
fBodyAccJerk-meanFreq()-Z,0.00022703199681400988,fBodyAccJerk,meanFreq(),Z
"tBodyAcc-arCoeff()-Z,2",0.00022576240197790377,tBodyAcc,arCoeff(),"Z,2"
tBodyGyroMag-mean(),0.00022508080235523388,tBodyGyroMag,mean(),
"fBodyAcc-bandsEnergy()-25,32",0.0002243519246780013,fBodyAcc,bandsEnergy(),"25,32"
tBodyGyroMag-arCoeff()1,0.00022352095272449934,tBodyGyroMag,arCoeff()1,
tBodyAccJerkMag-arCoeff()1,0.0002228562249213725,tBodyAccJerkMag,arCoeff()1,
"tBodyGyroJerk-arCoeff()-Y,2",0.0002211001031179413,tBodyGyroJerk,arCoeff(),"Y,2"
tBodyAcc-min()-Y,0.00022088827910242555,tBodyAcc,min(),Y
fBodyAcc-mad()-Z,0.00022017589133114512,fBodyAcc,mad(),Z
"fBodyAccJerk-bandsEnergy()-41,48.1",0.000218886135005419,fBodyAccJerk,bandsEnergy(),"41,48.1"
fBodyBodyGyroJerkMag-sma(),0.00021795114448566941,fBodyBodyGyroJerkMag,sma(),
fBodyBodyGyroJerkMag-entropy(),0.00021792491354755117,fBodyBodyGyroJerkMag,entropy(),
tBodyGyro-min()-Y,0.00021713271447682122,tBodyGyro,min(),Y
fBodyBodyGyroMag-std(),0.00021705982145033155,fBodyBodyGyroMag,std(),
tGravityAccMag-min(),0.00021678417921144698,tGravityAccMag,min(),
fBodyGyro-meanFreq()-Y,0.00021647245131478329,fBodyGyro,meanFreq(),Y
tGravityAccMag-entropy(),0.00021488075988433525,tGravityAccMag,entropy(),
tBodyGyroJerkMag-arCoeff()1,0.00021478204672280586,tBodyGyroJerkMag,arCoeff()1,
"angle(tBodyAccJerkMean),gravityMean)",0.0002145537926723493,angle,tBodyAccJerkMean,gravityMean
fBodyAccMag-maxInds,0.00021418228811401625,fBodyAccMag,maxInds,
"tBodyAccJerk-arCoeff()-Y,4",0.00021365911622887355,tBodyAccJerk,arCoeff(),"Y,4"
tBodyGyroMag-arCoeff()3,0.00021139846890178715,tBodyGyroMag,arCoeff()3,
fBodyAccJerk-iqr()-Z,0.00021093387717812965,fBodyAccJerk,iqr(),Z
tBodyAcc-iqr()-Z,0.00021059417731918352,tBodyAcc,iqr(),Z
tBodyGyroJerk-entropy()-Z,0.00021000214867561242,tBodyGyroJerk,entropy(),Z
fBodyAccJerk-energy()-Y,0.0002095369603115598,fBodyAccJerk,energy(),Y
fBodyBodyGyroMag-mean(),0.00020850055406438267,fBodyBodyGyroMag,mean(),
tBodyAcc-energy()-Z,0.0002084816989157086,tBodyAcc,energy(),Z
"tBodyGyroJerk-arCoeff()-Z,1",0.00020829320011202978,tBodyGyroJerk,arCoeff(),"Z,1"
"tBodyGyro-arCoeff()-X,4",0.0002067831388089615,tBodyGyro,arCoeff(),"X,4"
tBodyGyroJerkMag-arCoeff()3,0.00020604877865725894,tBodyGyroJerkMag,arCoeff()3,
tBodyAccJerk-mean()-Y,0.00020545218650068746,tBodyAccJerk,mean(),Y
"fBodyAccJerk-bandsEnergy()-33,48.1",0.0002050721385175357,fBodyAccJerk,bandsEnergy(),"33,48.1"
"tBodyAcc-arCoeff()-Y,1",0.00020476290950711753,tBodyAcc,arCoeff(),"Y,1"
tBodyAccJerkMag-arCoeff()3,0.0002039394247616603,tBodyAccJerkMag,arCoeff()3,
"fBodyAccJerk-bandsEnergy()-33,40.1",0.00020342272975137107,fBodyAccJerk,bandsEnergy(),"33,40.1"
fBodyAccJerk-min()-Z,0.00020340580019253008,fBodyAccJerk,min(),Z
"fBodyAccJerk-bandsEnergy()-25,32.1",0.00020318204274788964,fBodyAccJerk,bandsEnergy(),"25,32.1"
fBodyBodyAccJerkMag-energy(),0.0002030117536167358,fBodyBodyAccJerkMag,energy(),
tBodyGyro-energy()-Y,0.00020094014684143502,tBodyGyro,energy(),Y
fBodyAccJerk-kurtosis()-Z,0.00020028573303308616,fBodyAccJerk,kurtosis(),Z
"angle(tBodyAccMean,gravity)",0.00020002214519441886,angle,tBodyAccMean,gravity
"fBodyAcc-bandsEnergy()-33,40",0.00019973858572872188,fBodyAcc,bandsEnergy(),"33,40"
"fBodyAccJerk-bandsEnergy()-41,48",0.00019900629871807092,fBodyAccJerk,bandsEnergy(),"41,48"
tBodyGyroMag-sma(),0.00019763792513781967,tBodyGyroMag,sma(),
"fBodyAcc-bandsEnergy()-57,64",0.00019689183007801116,fBodyAcc,bandsEnergy(),"57,64"
tBodyAccMag-arCoeff()4,0.0001968029464432959,tBodyAccMag,arCoeff()4,
fBodyBodyGyroJerkMag-mad(),0.00019633284641223952,fBodyBodyGyroJerkMag,mad(),
"fBodyAcc-bandsEnergy()-33,48.2",0.00019513131390215449,fBodyAcc,bandsEnergy(),"33,48.2"
fBodyAccJerk-iqr()-X,0.00019511444624912552,fBodyAccJerk,iqr(),X
"fBodyAcc-bandsEnergy()-41,48.1",0.00019505692348940705,fBodyAcc,bandsEnergy(),"41,48.1"
tBodyGyroMag-max(),0.00019484858242116063,tBodyGyroMag,max(),
tBodyAcc-mean()-X,0.0001946788986431462,tBodyAcc,mean(),X
"fBodyAcc-bandsEnergy()-49,64.1",0.00019446076920001662,fBodyAcc,bandsEnergy(),"49,64.1"
"fBodyGyro-bandsEnergy()-49,64",0.00019333453887790148,fBodyGyro,bandsEnergy(),"49,64"
"fBodyGyro-bandsEnergy()-49,64",0.00019333453887790148,fBodyGyro,bandsEnergy(),"49,64"
"fBodyGyro-bandsEnergy()-49,64",0.00019333453887790148,fBodyGyro,bandsEnergy(),"49,64"
fBodyBodyGyroJerkMag-iqr(),0.0001921965856344856,fBodyBodyGyroJerkMag,iqr(),
fBodyAcc-mad()-Y,0.0001921670384436663,fBodyAcc,mad(),Y
fBodyAcc-entropy()-Y,0.00019027676142130577,fBodyAcc,entropy(),Y
"tBodyAcc-arCoeff()-Y,4",0.0001897977646733261,tBodyAcc,arCoeff(),"Y,4"
tBodyAcc-mean()-Z,0.00018854108428656953,tBodyAcc,mean(),Z
fBodyBodyGyroJerkMag-min(),0.00018583761156608914,fBodyBodyGyroJerkMag,min(),
fBodyAcc-min()-X,0.00018373152791849098,fBodyAcc,min(),X
"fBodyAcc-bandsEnergy()-9,16.2",0.0001826540240561184,fBodyAcc,bandsEnergy(),"9,16.2"
"fBodyAccJerk-bandsEnergy()-17,32.1",0.00018173351573419418,fBodyAccJerk,bandsEnergy(),"17,32.1"
fBodyGyro-min()-Y,0.00018161051032957717,fBodyGyro,min(),Y
"tBodyAccJerk-arCoeff()-X,4",0.00017995587789947125,tBodyAccJerk,arCoeff(),"X,4"
"fBodyAcc-bandsEnergy()-25,32.1",0.00017904066498196863,fBodyAcc,bandsEnergy(),"25,32.1"
fBodyBodyGyroMag-mad(),0.00017885067040713043,fBodyBodyGyroMag,mad(),
"fBodyAccJerk-bandsEnergy()-33,40",0.0001780914651588783,fBodyAccJerk,bandsEnergy(),"33,40"
tBodyGyroJerkMag-arCoeff()4,0.0001766002181849347,tBodyGyroJerkMag,arCoeff()4,
"tBodyGyroJerk-arCoeff()-X,4",0.0001765831297687237,tBodyGyroJerk,arCoeff(),"X,4"
"tBodyAccJerk-arCoeff()-Z,2",0.0001754565116582623,tBodyAccJerk,arCoeff(),"Z,2"
tBodyAccMag-min(),0.00017498196114421562,tBodyAccMag,min(),
"fBodyGyro-bandsEnergy()-49,64.1",0.000173801372331757,,,
tBodyGyroJerk-mean()-Y,0.0001737651712895367,tBodyGyroJerk,mean(),Y
tBodyAccJerkMag-min(),0.00017366726137405504,tBodyAccJerkMag,min(),
fBodyBodyAccJerkMag-iqr(),0.00017229986769474044,fBodyBodyAccJerkMag,iqr(),
"tBodyGyroJerk-arCoeff()-Z,3",0.00017094333446231674,tBodyGyroJerk,arCoeff(),"Z,3"
tGravityAcc-entropy()-Z,0.0001707461718785672,tGravityAcc,entropy(),Z
tBodyAccMag-sma(),0.00017065485872965312,tBodyAccMag,sma(),
fBodyAcc-energy()-Y,0.00017032163720351247,fBodyAcc,energy(),Y
"tBodyAcc-arCoeff()-Y,3",0.00016914981782600617,tBodyAcc,arCoeff(),"Y,3"
"fBodyAccJerk-bandsEnergy()-49,56",0.00016696444740416392,fBodyAccJerk,bandsEnergy(),"49,56"
fBodyAccJerk-mad()-Z,0.0001624928763105744,fBodyAccJerk,mad(),Z
tBodyAccJerk-min()-X,0.0001622170679581236,tBodyAccJerk,min(),X
"tBodyGyro-arCoeff()-Z,2",0.00016135488542652152,tBodyGyro,arCoeff(),"Z,2"
tBodyGyroJerkMag-min(),0.00016130755947432678,tBodyGyroJerkMag,min(),
"fBodyGyro-bandsEnergy()-9,16.1",0.00016068079535955742,,,
"tBodyGyroJerk-arCoeff()-Y,4",0.0001596923857482741,tBodyGyroJerk,arCoeff(),"Y,4"
tBodyGyroMag-arCoeff()4,0.0001586220636521349,tBodyGyroMag,arCoeff()4,
fBodyAcc-min()-Y,0.00015788736373920195,fBodyAcc,min(),Y
fBodyAccJerk-mean()-Y,0.0001567845405742209,fBodyAccJerk,mean(),Y
"tBodyGyro-arCoeff()-Y,3",0.00015544851257234915,tBodyGyro,arCoeff(),"Y,3"
tGravityAccMag-arCoeff()4,0.00015318472827131004,tGravityAccMag,arCoeff()4,
tBodyAcc-max()-Z,0.00015217505353443226,tBodyAcc,max(),Z
fBodyGyro-min()-X,0.00014947957995714592,fBodyGyro,min(),X
tGravityAccMag-arCoeff()3,0.00014604128972896886,tGravityAccMag,arCoeff()3,
fBodyAcc-min()-Z,0.00014602264899984038,fBodyAcc,min(),Z
fBodyAccJerk-maxInds-Y,0.00014599132220208784,fBodyAccJerk,maxInds,Y
"fBodyAcc-bandsEnergy()-49,64.2",0.0001443482926303801,fBodyAcc,bandsEnergy(),"49,64.2"
"tBodyAccJerk-arCoeff()-X,2",0.00014354155911588436,tBodyAccJerk,arCoeff(),"X,2"
"tBodyAcc-arCoeff()-Y,2",0.00014249170780369154,tBodyAcc,arCoeff(),"Y,2"
"tBodyAccJerk-arCoeff()-Y,1",0.00014189307265752483,tBodyAccJerk,arCoeff(),"Y,1"
fBodyAcc-iqr()-Y,0.00014096904539823298,fBodyAcc,iqr(),Y
"tBodyAcc-arCoeff()-Z,3",0.00014074989783936307,tBodyAcc,arCoeff(),"Z,3"
tBodyGyroMag-std(),0.00013768153033772175,tBodyGyroMag,std(),
tBodyGyroMag-mad(),0.0001375721800101314,tBodyGyroMag,mad(),
tBodyGyroJerk-min()-Z,0.00013753123692136906,tBodyGyroJerk,min(),Z
"fBodyAcc-bandsEnergy()-25,48.1",0.00013626867078784068,fBodyAcc,bandsEnergy(),"25,48.1"
fBodyAccMag-skewness(),0.00013612790999836105,fBodyAccMag,skewness(),
fBodyAcc-max()-Z,0.00013575395868879018,fBodyAcc,max(),Z
"fBodyAccJerk-bandsEnergy()-49,64",0.00013437987434277338,fBodyAccJerk,bandsEnergy(),"49,64"
"fBodyAccJerk-bandsEnergy()-57,64.1",0.00013252837802603496,fBodyAccJerk,bandsEnergy(),"57,64.1"
"fBodyAccJerk-bandsEnergy()-57,64",0.00013251244348194677,fBodyAccJerk,bandsEnergy(),"57,64"
"fBodyAccJerk-bandsEnergy()-49,56.2",0.00013060845351146088,fBodyAccJerk,bandsEnergy(),"49,56.2"
tBodyAccMag-entropy(),0.00012934506151086433,tBodyAccMag,entropy(),
"fBodyAccJerk-bandsEnergy()-49,64.1",0.00012789947420135798,fBodyAccJerk,bandsEnergy(),"49,64.1"
"fBodyGyro-bandsEnergy()-33,48.1",0.000127834600227238,,,
"tBodyGyroJerk-arCoeff()-Y,3",0.00012593824483727304,tBodyGyroJerk,arCoeff(),"Y,3"
tBodyAcc-min()-X,0.000125554600398537,tBodyAcc,min(),X
"fBodyGyro-bandsEnergy()-57,64.1",0.0001249640783717464,,,
"tBodyAcc-arCoeff()-X,3",0.00012387723514107205,tBodyAcc,arCoeff(),"X,3"
"fBodyGyro-bandsEnergy()-41,48.1",0.00012035827102617226,,,
"tBodyGyro-arCoeff()-X,3",0.0001191300744276136,tBodyGyro,arCoeff(),"X,3"
fBodyBodyAccJerkMag-min(),0.00011688638880654576,fBodyBodyAccJerkMag,min(),
"fBodyAcc-bandsEnergy()-41,48.2",0.00011585869552054883,fBodyAcc,bandsEnergy(),"41,48.2"
tBodyAccMag-arCoeff()3,0.00011396151087563565,tBodyAccMag,arCoeff()3,
fBodyBodyAccJerkMag-maxInds,0.00011263092325954532,fBodyBodyAccJerkMag,maxInds,
"fBodyAccJerk-bandsEnergy()-41,48.2",0.00011170281998493875,fBodyAccJerk,bandsEnergy(),"41,48.2"
"tBodyGyro-arCoeff()-Z,1",0.00011093573001169121,tBodyGyro,arCoeff(),"Z,1"
"fBodyAcc-bandsEnergy()-57,64.1",0.00010846343153393206,fBodyAcc,bandsEnergy(),"57,64.1"
fBodyBodyGyroJerkMag-maxInds,0.00010798981303746306,fBodyBodyGyroJerkMag,maxInds,
tBodyAcc-std()-Z,0.00010753681337077089,tBodyAcc,std(),Z
"fBodyAcc-bandsEnergy()-33,40.1",0.00010364960704363195,fBodyAcc,bandsEnergy(),"33,40.1"
fBodyAccJerk-min()-Y,0.00010231918527992425,fBodyAccJerk,min(),Y
tBodyGyroJerk-sma(),0.00010069249480658204,tBodyGyroJerk,sma(),
fBodyBodyGyroJerkMag-mean(),9.819914459849878e-05,fBodyBodyGyroJerkMag,mean(),
"fBodyAcc-bandsEnergy()-49,56.1",9.712589088972636e-05,fBodyAcc,bandsEnergy(),"49,56.1"
"fBodyAccJerk-bandsEnergy()-57,64.2",9.514794804787123e-05,fBodyAccJerk,bandsEnergy(),"57,64.2"
tBodyAccJerk-mean()-Z,9.388270495428369e-05,tBodyAccJerk,mean(),Z
"fBodyAcc-bandsEnergy()-49,64",9.096392584247556e-05,fBodyAcc,bandsEnergy(),"49,64"
"tBodyGyro-arCoeff()-X,2",9.067235588730726e-05,tBodyGyro,arCoeff(),"X,2"
tBodyAccJerk-mean()-X,8.665660885355638e-05,tBodyAccJerk,mean(),X
"fBodyAcc-bandsEnergy()-33,48.1",7.63972466465569e-05,fBodyAcc,bandsEnergy(),"33,48.1"
fBodyAccJerk-entropy()-Y,7.013583161286025e-05,fBodyAccJerk,entropy(),Y
fBodyAcc-maxInds-Z,6.795371649280361e-05,fBodyAcc,maxInds,Z
tBodyGyroMag-entropy(),6.226075799522298e-05,tBodyGyroMag,entropy(),
"fBodyAcc-bandsEnergy()-49,56",6.120051368616681e-05,fBodyAcc,bandsEnergy(),"49,56"
fBodyBodyAccJerkMag-entropy(),6.067273213385545e-05,fBodyBodyAccJerkMag,entropy(),
